{
  "added_tokens_decoder": {
    "0": {
      "content": "[PAD]",
      "lstrip": false,
      "normalized": false,
      "rstrip": false,
      "single_word": false,
      "special": true
    },
    "1": {
      "content": "[UNK]",
      "lstrip": false,
      "normalized": false,
      "rstrip": false,
      "single_word": false,
      "special": true
    },
    "2": {
      "content": "[CLS]",
      "lstrip": false,
      "normalized": false,
      "rstrip": false,
      "single_word": false,
      "special": true
    },
    "3": {
      "content": "[SEP]",
      "lstrip": false,
      "normalized": false,
      "rstrip": false,
      "single_word": false,
      "special": true
    },
    "4": {
      "content": "[MASK]",
      "lstrip": false,
      "normalized": false,
      "rstrip": false,
      "single_word": false,
      "special": true
    },
    "5": {
      "content": "<actor>",
      "lstrip": false,
      "normalized": false,
      "rstrip": false,
      "single_word": false,
      "special": true
    },
    "6": {
      "content": "<alarmtype>",
      "lstrip": false,
      "normalized": false,
      "rstrip": false,
      "single_word": false,
      "special": true
    },
    "7": {
      "content": "<album>",
      "lstrip": false,
      "normalized": false,
      "rstrip": false,
      "single_word": false,
      "special": true
    },
    "8": {
      "content": "<appname>",
      "lstrip": false,
      "normalized": false,
      "rstrip": false,
      "single_word": false,
      "special": true
    },
    "9": {
      "content": "<apptype>",
      "lstrip": false,
      "normalized": false,
      "rstrip": false,
      "single_word": false,
      "special": true
    },
    "10": {
      "content": "<artist>",
      "lstrip": false,
      "normalized": false,
      "rstrip": false,
      "single_word": false,
      "special": true
    },
    "11": {
      "content": "<band>",
      "lstrip": false,
      "normalized": false,
      "rstrip": false,
      "single_word": false,
      "special": true
    },
    "12": {
      "content": "<bylocation>",
      "lstrip": false,
      "normalized": false,
      "rstrip": false,
      "single_word": false,
      "special": true
    },
    "13": {
      "content": "<calculatecontent>",
      "lstrip": false,
      "normalized": false,
      "rstrip": false,
      "single_word": false,
      "special": true
    },
    "14": {
      "content": "<cameralens>",
      "lstrip": false,
      "normalized": false,
      "rstrip": false,
      "single_word": false,
      "special": true
    },
    "15": {
      "content": "<cameramode>",
      "lstrip": false,
      "normalized": false,
      "rstrip": false,
      "single_word": false,
      "special": true
    },
    "16": {
      "content": "<customlocation>",
      "lstrip": false,
      "normalized": false,
      "rstrip": false,
      "single_word": false,
      "special": true
    },
    "17": {
      "content": "<datetype>",
      "lstrip": false,
      "normalized": false,
      "rstrip": false,
      "single_word": false,
      "special": true
    },
    "18": {
      "content": "<devicename>",
      "lstrip": false,
      "normalized": false,
      "rstrip": false,
      "single_word": false,
      "special": true
    },
    "19": {
      "content": "<director>",
      "lstrip": false,
      "normalized": false,
      "rstrip": false,
      "single_word": false,
      "special": true
    },
    "20": {
      "content": "<drivemode>",
      "lstrip": false,
      "normalized": false,
      "rstrip": false,
      "single_word": false,
      "special": true
    },
    "21": {
      "content": "<dstlocation>",
      "lstrip": false,
      "normalized": false,
      "rstrip": false,
      "single_word": false,
      "special": true
    },
    "22": {
      "content": "<fmfrequency>",
      "lstrip": false,
      "normalized": false,
      "rstrip": false,
      "single_word": false,
      "special": true
    },
    "23": {
      "content": "<fmname>",
      "lstrip": false,
      "normalized": false,
      "rstrip": false,
      "single_word": false,
      "special": true
    },
    "24": {
      "content": "<genericall>",
      "lstrip": false,
      "normalized": false,
      "rstrip": false,
      "single_word": false,
      "special": true
    },
    "25": {
      "content": "<genericcontent>",
      "lstrip": false,
      "normalized": false,
      "rstrip": false,
      "single_word": false,
      "special": true
    },
    "26": {
      "content": "<genericcountry>",
      "lstrip": false,
      "normalized": false,
      "rstrip": false,
      "single_word": false,
      "special": true
    },
    "27": {
      "content": "<genericdate>",
      "lstrip": false,
      "normalized": false,
      "rstrip": false,
      "single_word": false,
      "special": true
    },
    "28": {
      "content": "<genericduration>",
      "lstrip": false,
      "normalized": false,
      "rstrip": false,
      "single_word": false,
      "special": true
    },
    "29": {
      "content": "<genericintnum>",
      "lstrip": false,
      "normalized": false,
      "rstrip": false,
      "single_word": false,
      "special": true
    },
    "30": {
      "content": "<generickeyword>",
      "lstrip": false,
      "normalized": false,
      "rstrip": false,
      "single_word": false,
      "special": true
    },
    "31": {
      "content": "<genericlocation>",
      "lstrip": false,
      "normalized": false,
      "rstrip": false,
      "single_word": false,
      "special": true
    },
    "32": {
      "content": "<genericmax>",
      "lstrip": false,
      "normalized": false,
      "rstrip": false,
      "single_word": false,
      "special": true
    },
    "33": {
      "content": "<genericmin>",
      "lstrip": false,
      "normalized": false,
      "rstrip": false,
      "single_word": false,
      "special": true
    },
    "34": {
      "content": "<genericordinalnum>",
      "lstrip": false,
      "normalized": false,
      "rstrip": false,
      "single_word": false,
      "special": true
    },
    "35": {
      "content": "<genericperson>",
      "lstrip": false,
      "normalized": false,
      "rstrip": false,
      "single_word": false,
      "special": true
    },
    "36": {
      "content": "<generictime>",
      "lstrip": false,
      "normalized": false,
      "rstrip": false,
      "single_word": false,
      "special": true
    },
    "37": {
      "content": "<jokekeyword>",
      "lstrip": false,
      "normalized": false,
      "rstrip": false,
      "single_word": false,
      "special": true
    },
    "38": {
      "content": "<joketype>",
      "lstrip": false,
      "normalized": false,
      "rstrip": false,
      "single_word": false,
      "special": true
    },
    "39": {
      "content": "<language>",
      "lstrip": false,
      "normalized": false,
      "rstrip": false,
      "single_word": false,
      "special": true
    },
    "40": {
      "content": "<locationtype>",
      "lstrip": false,
      "normalized": false,
      "rstrip": false,
      "single_word": false,
      "special": true
    },
    "41": {
      "content": "<mediatype>",
      "lstrip": false,
      "normalized": false,
      "rstrip": false,
      "single_word": false,
      "special": true
    },
    "42": {
      "content": "<musicmode>",
      "lstrip": false,
      "normalized": false,
      "rstrip": false,
      "single_word": false,
      "special": true
    },
    "43": {
      "content": "<musicname>",
      "lstrip": false,
      "normalized": false,
      "rstrip": false,
      "single_word": false,
      "special": true
    },
    "44": {
      "content": "<navsearchkeyword>",
      "lstrip": false,
      "normalized": false,
      "rstrip": false,
      "single_word": false,
      "special": true
    },
    "45": {
      "content": "<navitype>",
      "lstrip": false,
      "normalized": false,
      "rstrip": false,
      "single_word": false,
      "special": true
    },
    "46": {
      "content": "<newskeyword>",
      "lstrip": false,
      "normalized": false,
      "rstrip": false,
      "single_word": false,
      "special": true
    },
    "47": {
      "content": "<noteskeyword>",
      "lstrip": false,
      "normalized": false,
      "rstrip": false,
      "single_word": false,
      "special": true
    },
    "48": {
      "content": "<notesshowtype>",
      "lstrip": false,
      "normalized": false,
      "rstrip": false,
      "single_word": false,
      "special": true
    },
    "49": {
      "content": "<phonenum>",
      "lstrip": false,
      "normalized": false,
      "rstrip": false,
      "single_word": false,
      "special": true
    },
    "50": {
      "content": "<playlist>",
      "lstrip": false,
      "normalized": false,
      "rstrip": false,
      "single_word": false,
      "special": true
    },
    "51": {
      "content": "<srclocation>",
      "lstrip": false,
      "normalized": false,
      "rstrip": false,
      "single_word": false,
      "special": true
    },
    "52": {
      "content": "<style>",
      "lstrip": false,
      "normalized": false,
      "rstrip": false,
      "single_word": false,
      "special": true
    },
    "53": {
      "content": "<videoname>",
      "lstrip": false,
      "normalized": false,
      "rstrip": false,
      "single_word": false,
      "special": true
    },
    "54": {
      "content": "<vskitkeyword>",
      "lstrip": false,
      "normalized": false,
      "rstrip": false,
      "single_word": false,
      "special": true
    },
    "55": {
      "content": "<musicstyle>",
      "lstrip": false,
      "normalized": false,
      "rstrip": false,
      "single_word": false,
      "special": true
    },
    "56": {
      "content": "<videostyle>",
      "lstrip": false,
      "normalized": false,
      "rstrip": false,
      "single_word": false,
      "special": true
    },
    "57": {
      "content": "<artistband>",
      "lstrip": false,
      "normalized": false,
      "rstrip": false,
      "single_word": false,
      "special": true
    },
    "58": {
      "content": "<albummusicname>",
      "lstrip": false,
      "normalized": false,
      "rstrip": false,
      "single_word": false,
      "special": true
    },
    "59": {
      "content": "<newstype>",
      "lstrip": false,
      "normalized": false,
      "rstrip": false,
      "single_word": false,
      "special": true
    },
    "60": {
      "content": "<genericconfuseentity>",
      "lstrip": false,
      "normalized": false,
      "rstrip": false,
      "single_word": false,
      "special": true
    },
    "61": {
      "content": "<albumplaylist>",
      "lstrip": false,
      "normalized": false,
      "rstrip": false,
      "single_word": false,
      "special": true
    },
    "62": {
      "content": "<vehicletype>",
      "lstrip": false,
      "normalized": false,
      "rstrip": false,
      "single_word": false,
      "special": true
    },
    "63": {
      "content": "<generictimeline>",
      "lstrip": false,
      "normalized": false,
      "rstrip": false,
      "single_word": false,
      "special": true
    },
    "64": {
      "content": "<genericword>",
      "lstrip": false,
      "normalized": false,
      "rstrip": false,
      "single_word": false,
      "special": true
    },
    "65": {
      "content": "<recordtype>",
      "lstrip": false,
      "normalized": false,
      "rstrip": false,
      "single_word": false,
      "special": true
    },
    "66": {
      "content": "<musicsource>",
      "lstrip": false,
      "normalized": false,
      "rstrip": false,
      "single_word": false,
      "special": true
    },
    "67": {
      "content": "<sporttype>",
      "lstrip": false,
      "normalized": false,
      "rstrip": false,
      "single_word": false,
      "special": true
    },
    "68": {
      "content": "<genericdistance>",
      "lstrip": false,
      "normalized": false,
      "rstrip": false,
      "single_word": false,
      "special": true
    }
  },
  "additional_special_tokens": [
    "<actor>",
    "<alarmtype>",
    "<album>",
    "<appname>",
    "<apptype>",
    "<artist>",
    "<band>",
    "<bylocation>",
    "<calculatecontent>",
    "<cameralens>",
    "<cameramode>",
    "<customlocation>",
    "<datetype>",
    "<devicename>",
    "<director>",
    "<drivemode>",
    "<dstlocation>",
    "<fmfrequency>",
    "<fmname>",
    "<genericall>",
    "<genericcontent>",
    "<genericcountry>",
    "<genericdate>",
    "<genericduration>",
    "<genericintnum>",
    "<generickeyword>",
    "<genericlocation>",
    "<genericmax>",
    "<genericmin>",
    "<genericordinalnum>",
    "<genericperson>",
    "<generictime>",
    "<jokekeyword>",
    "<joketype>",
    "<language>",
    "<locationtype>",
    "<mediatype>",
    "<musicmode>",
    "<musicname>",
    "<navsearchkeyword>",
    "<navitype>",
    "<newskeyword>",
    "<noteskeyword>",
    "<notesshowtype>",
    "<phonenum>",
    "<playlist>",
    "<srclocation>",
    "<style>",
    "<videoname>",
    "<vskitkeyword>",
    "<musicstyle>",
    "<videostyle>",
    "<artistband>",
    "<albummusicname>",
    "<newstype>",
    "<genericconfuseentity>",
    "<albumplaylist>",
    "<vehicletype>",
    "<generictimeline>",
    "<genericword>",
    "<recordtype>",
    "<musicsource>",
    "<sporttype>",
    "<genericdistance>"
  ],
  "clean_up_tokenization_spaces": true,
  "cls_token": "[CLS]",
  "do_basic_tokenize": true,
  "do_lower_case": true,
  "mask_token": "[MASK]",
  "max_len": 128,
  "model_max_length": 128,
  "never_split": null,
  "pad_token": "[PAD]",
  "sep_token": "[SEP]",
  "strip_accents": null,
  "tokenize_chinese_chars": true,
  "tokenizer_class": "BertTokenizer",
  "unk_token": "[UNK]"
}
